{
"skeleton": {
	"hash": "QagZmJSLswc",
	"spine": "4.1.23",
	"x": -74.9,
	"y": -3.14,
	"width": 111.08,
	"height": 210.62,
	"images": "",
	"audio": ""
},
"bones": [
	{ "name": "root" },
	{ "name": "master_bone", "parent": "root" },
	{ "name": "pelvis", "parent": "master_bone", "length": 1, "x": 8.61, "y": 89.69, "color": "00ff25ff" },
	{ "name": "right_hip", "parent": "pelvis", "length": 3.07, "rotation": -175.6, "x": -0.35, "color": "ffeb00ff" },
	{ "name": "right_upper_leg", "parent": "right_hip", "length": 44.16, "rotation": 75.64, "x": 3.07, "color": "ffeb00ff" },
	{
		"name": "right_lower_leg",
		"parent": "right_upper_leg",
		"length": 36.97,
		"rotation": -7.8,
		"x": 43.73,
		"y": -0.45,
		"color": "ffeb00ff"
	},
	{ "name": "right_foot", "parent": "right_lower_leg", "length": 8.01, "rotation": -14.88, "x": 36.97, "color": "ffeb00ff" },
	{
		"name": "left_hip",
		"parent": "pelvis",
		"length": 7.63,
		"rotation": -2.75,
		"x": 0.02,
		"y": 0.11,
		"color": "e200ffff"
	},
	{
		"name": "left_upper_leg",
		"parent": "left_hip",
		"length": 49.45,
		"rotation": -86.53,
		"x": 7.04,
		"y": -0.51,
		"color": "e200ffff"
	},
	{
		"name": "left_lower_leg",
		"parent": "left_upper_leg",
		"length": 31.98,
		"rotation": -3.33,
		"x": 48.01,
		"y": -0.16,
		"color": "e200ffff"
	},
	{ "name": "left_foot", "parent": "left_lower_leg", "length": 11.86, "rotation": 65.41, "x": 31.98, "color": "e200ffff" },
	{
		"name": "pelvis2",
		"parent": "pelvis",
		"length": 10.86,
		"rotation": 91.38,
		"x": -0.17,
		"y": 1.17,
		"color": "00ff25ff"
	},
	{
		"name": "spine",
		"parent": "pelvis2",
		"length": 10.59,
		"rotation": -0.67,
		"x": 10.59,
		"y": 0.01,
		"color": "00ff25ff"
	},
	{ "name": "spine_1", "parent": "spine", "length": 14.91, "rotation": 0.8, "x": 10.59, "color": "00ff25ff" },
	{
		"name": "spine_2",
		"parent": "spine_1",
		"length": 8.11,
		"rotation": -0.58,
		"x": 14.52,
		"y": 0.01,
		"color": "00ff25ff"
	},
	{
		"name": "right_shoulder",
		"parent": "spine_2",
		"length": 19.61,
		"rotation": 95.58,
		"x": 7.58,
		"y": 0.01,
		"color": "ff0100ff"
	},
	{
		"name": "right_upper_arm",
		"parent": "right_shoulder",
		"length": 33.85,
		"rotation": 62.68,
		"x": 19.77,
		"y": 0.24,
		"color": "ff0000ff"
	},
	{
		"name": "right_forearm",
		"parent": "right_upper_arm",
		"length": 31.98,
		"rotation": 15.81,
		"x": 34.1,
		"y": 0.09,
		"color": "ff0000ff"
	},
	{ "name": "right_hand", "parent": "right_forearm", "length": 13.36, "rotation": 14.45, "x": 31.98, "color": "ff0000ff" },
	{
		"name": "left_shoulder",
		"parent": "spine_2",
		"length": 1.72,
		"rotation": -66.15,
		"x": 7.73,
		"y": -0.24,
		"color": "1a00fcff"
	},
	{
		"name": "left_upper_arm",
		"parent": "left_shoulder",
		"length": 37.74,
		"rotation": -100.62,
		"x": 1.44,
		"y": -0.31,
		"color": "1a00fcff"
	},
	{
		"name": "left_forearm",
		"parent": "left_upper_arm",
		"length": 19.79,
		"rotation": 2.76,
		"x": 37.09,
		"y": 0.03,
		"color": "1a00fcff"
	},
	{
		"name": "left_hand",
		"parent": "left_forearm",
		"length": 8.99,
		"rotation": 3.07,
		"x": 19.92,
		"y": -0.04,
		"color": "1a00fcff"
	},
	{
		"name": "tail",
		"parent": "pelvis",
		"length": 17.3,
		"rotation": -155.86,
		"x": -0.07,
		"y": 0.03,
		"color": "1a00ffff"
	},
	{ "name": "tail2", "parent": "tail", "length": 15.37, "x": 17.16, "y": 0.43, "color": "1a00ffff" },
	{ "name": "tail3", "parent": "tail2", "length": 14.59, "x": 15.14, "y": 0.03, "color": "1a00ffff" },
	{ "name": "tail4", "parent": "tail3", "length": 14.98, "x": 14.59, "color": "1a00ffff" },
	{ "name": "tail5", "parent": "tail4", "length": 16.78, "x": 14.98, "color": "1a00ffff" },
	{
		"name": "neck",
		"parent": "spine_2",
		"length": 4.82,
		"rotation": -0.21,
		"x": 7.88,
		"y": 0.04,
		"color": "dbff00ff"
	},
	{
		"name": "head",
		"parent": "neck",
		"length": 40.55,
		"rotation": -7.96,
		"x": 4.73,
		"y": -0.09,
		"color": "dbff00ff"
	},
	{ "name": "right_arm_target", "parent": "root", "rotation": 61.85, "x": -26.9, "y": 67.9, "color": "ff3f00ff" },
	{ "name": "mask", "parent": "head", "x": 40.55, "skin": true, "color": "dbff00ff" },
	{
		"name": "mask_on_hip",
		"parent": "right_hip",
		"length": 32.09,
		"rotation": 55.1,
		"x": 2.04,
		"y": -0.17,
		"skin": true,
		"color": "ffeb00ff"
	},
	{ "name": "right_leg_target", "parent": "root", "x": -14.08, "y": 11.26, "color": "ff3f00ff" },
	{ "name": "left_arm_target", "parent": "root", "x": 24.08, "y": 79.71, "color": "ff3f00ff" },
	{ "name": "left_leg_target", "parent": "root", "x": 14.63, "y": 8.99, "color": "ff3f00ff" }
],
"slots": [
	{ "name": "left_arm", "bone": "left_shoulder", "attachment": "left_arm" },
	{ "name": "left_leg", "bone": "left_hip", "attachment": "left_leg" },
	{ "name": "right_leg", "bone": "right_hip", "attachment": "right_leg" },
	{ "name": "tail", "bone": "tail", "attachment": "tail" },
	{ "name": "torso", "bone": "pelvis", "attachment": "torso" },
	{ "name": "mask_on_hip", "bone": "mask_on_hip", "attachment": "mask_on_hip" },
	{ "name": "head", "bone": "head", "attachment": "head" },
	{ "name": "mask", "bone": "mask", "attachment": "mask2" },
	{ "name": "right_arm", "bone": "right_shoulder", "attachment": "right_arm" }
],
"ik": [
	{
		"name": "left_arm_target",
		"order": 2,
		"bones": [ "left_upper_arm", "left_forearm" ],
		"target": "left_arm_target"
	},
	{
		"name": "left_leg_target",
		"order": 3,
		"bones": [ "left_upper_leg", "left_lower_leg" ],
		"target": "left_leg_target",
		"bendPositive": false
	},
	{
		"name": "right_arm_target",
		"bones": [ "right_upper_arm", "right_forearm" ],
		"target": "right_arm_target"
	},
	{
		"name": "right_leg_target",
		"order": 1,
		"bones": [ "right_upper_leg", "right_lower_leg" ],
		"target": "right_leg_target",
		"bendPositive": false
	}
],
"skins": [
	{
		"name": "default",
		"attachments": {
			"head": {
				"head": {
					"type": "mesh",
					"uvs": [ 0.58619, 0, 0.59722, 0.09756, 1, 0.01844, 1, 0.15661, 0.97946, 0.42802, 0.88267, 0.6597, 1, 0.69038, 1, 0.79147, 0.55306, 1, 0.46816, 1, 0.16678, 0.87536, 0, 0.67016, 0, 0.5119, 0.10913, 0.27672, 0.48647, 0, 0.62554, 0.42157, 0.56332, 0.76006, 0.24452, 0.5841 ],
					"triangles": [ 1, 2, 3, 15, 1, 3, 4, 15, 3, 13, 15, 17, 12, 13, 17, 5, 15, 4, 11, 12, 17, 14, 0, 1, 1, 13, 14, 15, 13, 1, 16, 17, 15, 16, 15, 5, 5, 6, 7, 10, 11, 17, 10, 17, 16, 9, 10, 16, 8, 9, 16, 7, 8, 16, 7, 16, 5 ],
					"vertices": [ 1, 29, 67.72, 8.89, 1, 1, 29, 60.07, 7.18, 1, 1, 29, 69.7, -18.39, 1, 1, 29, 58.74, -19.79, 1, 1, 29, 37.03, -21.18, 1, 1, 29, 17.84, -17.19, 1, 1, 29, 16.38, -25.18, 1, 1, 29, 8.36, -26.2, 1, 1, 29, -11.92, 0.96, 1, 1, 29, -12.62, 6.52, 1, 1, 29, -5.24, 27.51, 1, 1, 29, 9.65, 40.5, 1, 1, 29, 22.21, 42.1, 1, 1, 29, 41.79, 37.33, 1, 1, 29, 66.89, 15.41, 1, 1, 29, 34.59, 2.05, 1, 1, 29, 7.21, 2.71, 1, 1, 29, 18.52, 25.36, 1 ],
					"hull": 15,
					"edges": [ 0, 2, 2, 4, 4, 6, 6, 8, 8, 10, 10, 12, 12, 14, 14, 16, 16, 18, 18, 20, 20, 22, 22, 24, 24, 26, 26, 28, 28, 0 ],
					"width": 66,
					"height": 80
				}
			},
			"left_arm": {
				"left_arm": {
					"type": "mesh",
					"uvs": [ 0, 0.05174, 0.13781, 0, 0.20987, 0, 0.25285, 0.00387, 0.45545, 0.08236, 0.65345, 0.44537, 0.67452, 0.48011, 0.68818, 0.50265, 0.85659, 0.78039, 0.99878, 0.8402, 1, 0.88092, 1, 0.96035, 0.69063, 1, 0.6192, 1, 0.51628, 0.9606, 0.38052, 0.78111, 0.24476, 0.60161, 0.25237, 0.56038, 0.22987, 0.53428, 0.20285, 0.50293, 7.0E-5, 0.26767, 0, 0.24364, 0.29125, 0.29157, 0.48466, 0.6452, 0.34282, 0.42009 ],
					"triangles": [ 14, 15, 8, 10, 14, 8, 14, 12, 13, 14, 10, 12, 10, 8, 9, 11, 12, 10, 17, 7, 23, 23, 7, 8, 15, 16, 23, 15, 23, 8, 0, 4, 21, 0, 1, 2, 2, 3, 0, 4, 0, 3, 22, 20, 21, 4, 22, 21, 5, 24, 22, 5, 22, 4, 24, 19, 20, 24, 20, 22, 18, 19, 24, 18, 6, 17, 24, 6, 18, 24, 5, 6, 7, 17, 6, 16, 17, 23 ],
					"vertices": [ 1, 20, -1.23, -4.16, 1, 1, 20, -4.02, 0.66, 1, 1, 20, -3.52, 2.68, 1, 1, 20, -2.93, 3.82, 1, 1, 20, 4.2, 8.1, 1, 2, 20, 32.01, 7.07, 0.69444, 21, -4.74, 7.27, 0.30556, 2, 20, 34.68, 7.03, 0.41098, 21, -2.07, 7.1, 0.58902, 2, 20, 36.42, 7, 0.22069, 21, -0.34, 7, 0.77931, 2, 21, 21.02, 5.66, 0.56221, 22, 1.4, 5.63, 0.43779, 2, 21, 26.5, 8.31, 0.07196, 22, 7.02, 7.98, 0.92804, 2, 21, 29.44, 7.46, 0.02257, 22, 9.91, 6.98, 0.97743, 1, 22, 15.51, 4.95, 1, 1, 22, 15.26, -4.49, 1, 1, 22, 14.56, -6.44, 1, 1, 22, 10.76, -8.25, 1, 3, 20, 54.52, -6.71, 0.00702, 21, 17.08, -7.58, 0.59891, 22, -3.24, -7.38, 0.39406, 2, 20, 40.5, -7.27, 0.76218, 21, 3.06, -7.46, 0.23782, 2, 20, 37.56, -6.31, 0.97511, 21, 0.16, -6.36, 0.02489, 1, 20, 35.5, -6.47, 1, 1, 20, 33.03, -6.66, 1, 1, 20, 14.48, -8.09, 1, 1, 20, 12.74, -7.65, 1, 1, 20, 18.27, -0.33, 1, 2, 20, 45.36, -1.31, 0.06129, 21, 8.19, -1.74, 0.93871, 1, 20, 27.98, -1.21, 1 ],
					"hull": 22,
					"edges": [ 0, 2, 2, 4, 4, 6, 6, 8, 8, 10, 10, 12, 12, 14, 14, 16, 16, 18, 18, 20, 20, 22, 22, 24, 24, 26, 26, 28, 28, 30, 30, 32, 32, 34, 34, 36, 36, 38, 38, 40, 40, 42, 42, 0 ],
					"width": 29,
					"height": 75
				}
			},
			"left_leg": {
				"left_leg": {
					"type": "mesh",
					"uvs": [ 0.59611, 0, 0.72849, 0.17679, 0.61415, 0.46712, 0.60587, 0.48815, 0.59772, 0.50884, 0.51687, 0.71413, 0.50124, 0.75718, 0.75062, 0.83576, 1, 0.91434, 0.84476, 1, 0.76805, 1, 0.44883, 0.979, 0.1296, 0.958, 0.01897, 0.64028, 0.10559, 0.51613, 0.12216, 0.49238, 0.10846, 0.46491, 0, 0.24743, 0, 0.15612, 0.00182, 0.11398, 0.09723, 0.04304, 0.22014, 0, 0.29023, 0.30247, 0.37002, 0.83388, 0.27227, 0.57435 ],
					"triangles": [ 9, 10, 8, 8, 10, 7, 12, 23, 11, 10, 11, 7, 11, 23, 7, 12, 13, 23, 23, 6, 7, 23, 13, 6, 6, 13, 5, 13, 24, 5, 5, 24, 4, 13, 14, 24, 14, 15, 24, 24, 15, 4, 2, 15, 16, 4, 15, 3, 3, 15, 2, 16, 22, 2, 2, 22, 1, 16, 17, 22, 1, 22, 18, 20, 1, 18, 20, 18, 19, 1, 21, 0, 21, 1, 20, 22, 17, 18 ],
					"vertices": [ 1, 8, 6.19, 7.53, 1, 1, 8, 21.45, 11.58, 1, 1, 8, 46.37, 7.6, 1, 2, 8, 48.17, 7.32, 0.99775, 9, -0.27, 7.47, 0.00225, 2, 8, 49.95, 7.03, 0.9637, 9, 1.52, 7.29, 0.0363, 3, 8, 67.57, 4.22, 1.8E-4, 9, 19.27, 5.51, 0.98865, 10, -0.28, 13.85, 0.01117, 2, 9, 22.99, 5.18, 0.8647, 10, 0.97, 10.33, 0.1353, 2, 9, 29.38, 13.46, 0.08553, 10, 11.15, 7.97, 0.91447, 1, 10, 21.34, 5.6, 1, 1, 10, 20.29, -3.22, 1, 1, 10, 18.11, -4.34, 1, 1, 10, 8.19, -7.41, 1, 2, 9, 40.79, -5.92, 0.0852, 10, -1.72, -10.47, 0.9148, 1, 9, 13.65, -10.69, 1, 2, 8, 50.38, -8.72, 0.01577, 9, 2.86, -8.41, 0.98423, 2, 8, 48.34, -8.17, 0.09533, 9, 0.8, -7.97, 0.90467, 2, 8, 45.97, -8.57, 0.30713, 9, -1.54, -8.52, 0.69287, 2, 8, 27.23, -11.81, 0.99887, 9, -20.07, -12.84, 0.00113, 1, 8, 19.38, -11.71, 1, 1, 8, 15.75, -11.6, 1, 1, 8, 9.69, -8.47, 1, 1, 8, 6.04, -4.5, 1, 2, 8, 32.08, -2.58, 0.99672, 9, -15.76, -3.34, 0.00328, 2, 9, 29.77, 1.28, 0.80094, 10, 0.25, 2.54, 0.19906, 1, 9, 7.62, -2.85, 1 ],
					"hull": 22,
					"edges": [ 0, 2, 2, 4, 4, 6, 6, 8, 8, 10, 10, 12, 12, 14, 14, 16, 16, 18, 18, 20, 20, 22, 22, 24, 24, 26, 26, 28, 28, 30, 30, 32, 32, 34, 34, 36, 36, 38, 38, 40, 40, 42, 42, 0 ],
					"width": 32,
					"height": 86
				}
			},
			"right_arm": {
				"right_arm": {
					"type": "mesh",
					"uvs": [ 0.65531, 0, 0.71664, 0, 0.89701, 0.01171, 0.97248, 0.05591, 1, 0.09883, 1, 0.11171, 0.96693, 0.1767, 0.77852, 0.27472, 0.69447, 0.44144, 0.66096, 0.47462, 0.61407, 0.52106, 0.59231, 0.54261, 0.56889, 0.5658, 0.43846, 0.69498, 0.40058, 0.78356, 0.50955, 0.87852, 0.40122, 0.9464, 0.40006, 0.99972, 0.37479, 1, 0.33514, 1, 0.16757, 0.96279, 0, 0.92559, 0, 0.81115, 0.06608, 0.78346, 0.09804, 0.55138, 0.10265, 0.5179, 0.117, 0.49468, 0.14536, 0.44881, 0.22758, 0.31579, 0.30981, 0.18277, 0.31292, 0.13432, 0.37059, 0.07783, 0.48483, 0.03332, 0.49364, 0.38936, 0.32404, 0.6491, 0.37182, 0.51538, 0.76131, 0.10393, 0.55764, 0.1565, 0.2207, 0.87017, 0.47381, 0.26444, 0.26528, 0.69244 ],
					"triangles": [ 0, 1, 36, 36, 3, 4, 36, 2, 3, 36, 1, 2, 17, 18, 16, 16, 18, 19, 16, 19, 20, 20, 38, 16, 20, 21, 38, 16, 38, 15, 21, 22, 38, 38, 14, 15, 22, 23, 38, 38, 23, 14, 23, 40, 14, 14, 40, 13, 23, 24, 40, 40, 34, 13, 13, 34, 12, 40, 24, 34, 34, 24, 35, 35, 24, 25, 34, 35, 12, 35, 25, 26, 12, 35, 11, 11, 35, 10, 10, 35, 9, 26, 27, 35, 35, 33, 9, 35, 27, 33, 9, 33, 8, 27, 28, 33, 8, 33, 7, 28, 39, 33, 33, 39, 7, 28, 29, 39, 39, 37, 7, 7, 37, 6, 6, 37, 36, 39, 29, 37, 36, 32, 0, 29, 30, 37, 6, 36, 5, 30, 31, 37, 31, 32, 37, 36, 37, 32, 36, 4, 5 ],
					"vertices": [ 2, 16, -5.45, -5.93, 0.22555, 15, 22.54, -7.32, 0.77445, 2, 16, -6.21, -3.92, 0.03208, 15, 20.4, -7.07, 0.96792, 2, 16, -7.47, 2.35, 0.00476, 15, 14.25, -5.31, 0.99524, 2, 16, -4.69, 6.24, 0.07943, 15, 12.08, -1.06, 0.92057, 2, 16, -1.42, 8.51, 0.1966, 15, 11.56, 2.89, 0.8034, 2, 16, -0.34, 8.92, 0.48101, 15, 11.69, 4.04, 0.51899, 1, 16, 5.54, 9.92, 1, 2, 16, 16.13, 6.89, 0.94421, 15, 21.05, 17.74, 0.05579, 1, 16, 31.2, 9.47, 1, 2, 16, 34.41, 9.43, 0.33799, 17, 1.89, 9.15, 0.66201, 2, 16, 38.9, 9.39, 0.13091, 17, 6.31, 8.35, 0.86909, 2, 16, 40.98, 9.36, 0.01985, 17, 8.36, 7.97, 0.98015, 2, 16, 43.23, 9.34, 0.00332, 17, 10.56, 7.57, 0.99668, 3, 16, 55.72, 9.2, 1.0E-5, 17, 22.85, 5.32, 0.83441, 18, -7.51, 7.43, 0.16558, 2, 17, 30.93, 5.55, 0.50119, 18, 0.37, 5.64, 0.49881, 1, 18, 9.13, 8.95, 1, 2, 17, 45.31, 8.39, 1.0E-4, 18, 15, 4.8, 0.9999, 1, 18, 19.79, 4.48, 1, 1, 18, 19.76, 3.6, 1, 1, 18, 19.68, 2.21, 1, 1, 18, 15.99, -3.45, 1, 1, 18, 12.31, -9.11, 1, 1, 18, 2.03, -8.5, 1, 3, 16, 67.79, -0.15, 5.0E-5, 17, 33.17, -5.94, 0.49001, 18, -0.33, -6.05, 0.50994, 3, 16, 47.87, -6.53, 0.00341, 17, 12.46, -8.85, 0.78997, 18, -21.11, -3.7, 0.20662, 2, 16, 45, -7.45, 0.01616, 17, 9.47, -9.27, 0.98384, 2, 16, 42.86, -7.72, 0.0866, 17, 7.32, -9.18, 0.9134, 2, 16, 38.65, -8.26, 0.40959, 17, 3.08, -9, 0.59041, 2, 16, 26.44, -9.82, 0.99709, 15, 40.63, 19.22, 0.00291, 3, 16, 14.23, -11.39, 0.97759, 17, -21.52, -7.96, 0.00698, 15, 36.41, 7.66, 0.01543, 2, 16, 10.11, -12.84, 0.93391, 15, 35.81, 3.34, 0.06609, 1, 16, 4.64, -12.76, 1, 2, 16, -0.52, -10.44, 0.50347, 15, 28.8, -5.01, 0.49653, 2, 16, 29.32, 1.23, 0.99749, 17, -4.52, 1.93, 0.00251, 1, 17, 19.57, 0.6, 1, 1, 17, 7.44, -0.07, 1, 1, 16, 1.98, 0.86, 1, 2, 16, 8.93, -4.12, 0.99002, 15, 27.53, 6.29, 0.00998, 1, 18, 7.78, -1.1, 1, 1, 16, 19.06, -3.41, 1, 1, 17, 23.79, -0.67, 1 ],
					"hull": 33,
					"edges": [ 0, 2, 2, 4, 4, 6, 6, 8, 8, 10, 10, 12, 12, 14, 14, 16, 16, 18, 18, 20, 20, 22, 22, 24, 24, 26, 26, 28, 28, 30, 30, 32, 32, 34, 34, 36, 36, 38, 38, 40, 40, 42, 42, 44, 44, 46, 46, 48, 48, 50, 50, 52, 52, 54, 54, 56, 56, 58, 58, 60, 60, 62, 62, 64, 64, 0 ],
					"width": 35,
					"height": 90
				}
			},
			"right_leg": {
				"right_leg": {
					"type": "mesh",
					"uvs": [ 0.68002, 0.00347, 0.75241, 0, 0.82214, 0, 0.94308, 0.02982, 0.98704, 0.14589, 0.97495, 0.23315, 0.8534, 0.43126, 0.74733, 0.55324, 0.73226, 0.57058, 0.69751, 0.61053, 0.60651, 0.71519, 0.35963, 0.99912, 0.26925, 1, 0.14418, 1, 0, 0.97395, 0, 0.93304, 0.2299, 0.53952, 0.24613, 0.51176, 0.25572, 0.49533, 0.4598, 0.146, 0.63721, 0.33829, 0.33197, 0.79197, 0.78151, 0.11245, 0.53054, 0.56376 ],
					"triangles": [ 15, 13, 14, 15, 12, 13, 12, 15, 21, 11, 12, 21, 23, 18, 20, 17, 18, 23, 16, 17, 23, 8, 23, 7, 9, 23, 8, 10, 23, 9, 21, 16, 23, 21, 23, 10, 15, 16, 21, 11, 21, 10, 22, 1, 2, 22, 2, 3, 22, 3, 4, 5, 22, 4, 22, 20, 19, 0, 1, 22, 22, 19, 0, 5, 20, 22, 6, 20, 5, 18, 19, 20, 7, 20, 6, 7, 23, 20 ],
					"vertices": [ 1, 4, 1.58, -1.3, 1, 1, 4, 0.71, 1.85, 1, 1, 4, 0.17, 4.94, 1, 1, 4, 1.87, 10.77, 1, 1, 4, 11.82, 14.52, 1, 1, 4, 19.64, 15.35, 1, 1, 4, 38.15, 13.04, 1, 2, 4, 49.79, 10.24, 0.58306, 5, 4.55, 11.41, 0.41694, 2, 4, 51.44, 9.84, 0.5238, 5, 6.25, 11.24, 0.4762, 2, 4, 55.26, 8.93, 0.38723, 5, 10.15, 10.85, 0.61277, 2, 4, 65.24, 6.52, 0.02949, 5, 20.37, 9.82, 0.97051, 2, 5, 48.09, 7.04, 0.00221, 6, 8.95, 9.66, 0.99779, 1, 6, 11.21, 6.28, 1, 1, 6, 14.24, 1.54, 1, 2, 5, 50.87, -9.06, 1.3E-4, 6, 15.77, -5.19, 0.99987, 2, 5, 47.37, -10.19, 0.01479, 6, 12.67, -7.17, 0.98521, 1, 5, 10.48, -11.14, 1, 2, 4, 50.02, -12.62, 0.07056, 5, 7.88, -11.21, 0.92944, 2, 4, 48.48, -12.45, 0.11231, 5, 6.34, -11.25, 0.88769, 1, 4, 15.93, -8.84, 1, 1, 4, 31.59, 2.01, 1, 1, 5, 30.72, 0.17, 1, 1, 4, 10.45, 4.89, 1, 2, 4, 52.41, 0.8, 0.1319, 5, 8.43, 2.41, 0.8681 ],
					"hull": 20,
					"edges": [ 0, 2, 2, 4, 4, 6, 6, 8, 8, 10, 10, 12, 20, 22, 22, 24, 24, 26, 26, 28, 28, 30, 30, 32, 38, 0, 18, 20, 16, 18, 12, 14, 14, 16, 32, 34, 34, 36, 36, 38, 16, 46, 46, 34 ],
					"width": 45,
					"height": 90
				}
			},
			"tail": {
				"tail": {
					"type": "mesh",
					"uvs": [ 0.11527, 0.01896, 0.1535, 0.01657, 0.39952, 0.40622, 0.57729, 0.58805, 0.82687, 0.78401, 0.94578, 0.82408, 1, 0.88326, 1, 1, 0.76263, 1, 0.34965, 0.85615, 0.12302, 0.64496, 0, 0.47773, 0, 0.39137, 0.03833, 0.17426 ],
					"triangles": [ 8, 6, 7, 8, 5, 6, 8, 4, 5, 8, 3, 4, 9, 3, 8, 9, 2, 3, 9, 10, 2, 10, 11, 2, 13, 2, 12, 2, 13, 1, 13, 0, 1, 2, 11, 12 ],
					"vertices": [ 1, 27, 25.47, -9.59, 1, 1, 27, 24.25, -11.17, 1, 2, 27, 0.87, -7.71, 0.61157, 26, 15.31, -7.75, 0.38843, 2, 26, 2.21, -7.68, 0.62203, 25, 15.05, -7.98, 0.37797, 2, 25, -1.25, -6.38, 0.49482, 24, 11.67, -5.46, 0.50518, 2, 25, -7.58, -7.92, 0.00473, 24, 5.21, -4.61, 0.99527, 1, 24, 1.88, -2.17, 1, 2, 25, -14.72, -1.8, 0.00135, 24, 0.77, 3.68, 0.99865, 2, 25, -4.25, 4.74, 0.63931, 24, 12.89, 5.99, 0.36069, 4, 27, -14.69, 9.35, 0.00124, 26, 0.99, 10.36, 0.69779, 25, 17.85, 9.88, 0.28579, 24, 35.36, 2.79, 0.01518, 2, 27, 1.18, 11.13, 0.6505, 26, 16.94, 11.02, 0.3495, 2, 27, 11.81, 10.32, 0.99664, 26, 27.49, 9.47, 0.00336, 1, 27, 15.12, 7.42, 1, 1, 27, 22.14, -1.37, 1 ],
					"hull": 14,
					"edges": [ 0, 26, 0, 2, 2, 4, 4, 6, 6, 8, 8, 10, 10, 12, 12, 14, 14, 16, 16, 18, 18, 20, 20, 22, 22, 24, 24, 26 ],
					"width": 52,
					"height": 51
				}
			},
			"torso": {
				"torso": {
					"type": "mesh",
					"uvs": [ 0.61807, 0, 0.67852, 0.02208, 0.72572, 0.0772, 0.72595, 0.17406, 0.70723, 0.20706, 0.90495, 0.31673, 0.96152, 0.36465, 0.96081, 0.43467, 0.8635, 0.48928, 0.86311, 0.54373, 1, 0.61866, 1, 0.90329, 0.86293, 0.9024, 0.64266, 1, 0.10057, 1, 0.16141, 0.92115, 0, 0.92569, 0, 0.90199, 0.13199, 0.80991, 0.15607, 0.78017, 0.31339, 0.57186, 0.31222, 0.5368, 0.0977, 0.36897, 0.03902, 0.27261, 0.03782, 0.22938, 0.07238, 0.19059, 0.32279, 0.13267, 0.39101, 0.05314, 0.49118, 0 ],
					"triangles": [ 4, 26, 3, 3, 26, 27, 2, 27, 28, 2, 28, 0, 0, 1, 2, 27, 2, 3, 22, 23, 26, 26, 23, 25, 23, 24, 25, 14, 15, 13, 12, 13, 19, 16, 17, 15, 17, 18, 15, 18, 19, 15, 13, 15, 19, 12, 10, 11, 19, 20, 12, 12, 9, 10, 12, 20, 9, 20, 21, 9, 9, 21, 8, 7, 8, 6, 8, 4, 5, 6, 8, 5, 21, 4, 8, 4, 22, 26, 4, 21, 22 ],
					"vertices": [ 2, 28, 19.99, -1.52, 2.4E-4, 29, 15.3, 0.69, 0.99976, 1, 29, 13.68, -2.62, 1, 3, 14, 20.67, -6.93, 0.00101, 28, 12.82, -6.92, 4.4E-4, 29, 8.95, -5.65, 0.99855, 5, 14, 11.76, -6.79, 0.25144, 13, 26.21, -6.9, 0.00169, 11, 47.41, -6.96, 2.9E-4, 28, 3.91, -6.82, 0.19124, 29, 0.11, -6.79, 0.55535, 5, 14, 8.74, -5.79, 0.61722, 13, 23.2, -5.87, 0.03214, 11, 44.4, -5.94, 0.00252, 28, 0.88, -5.83, 0.1878, 29, -3.02, -6.22, 0.16033, 3, 14, -1.51, -15.71, 0.1685, 13, 12.85, -15.68, 0.72992, 11, 34.07, -15.77, 0.10158, 3, 14, -5.96, -18.52, 0.07686, 13, 8.37, -18.45, 0.76468, 11, 29.59, -18.55, 0.15845, 5, 14, -12.4, -18.38, 0.02732, 13, 1.93, -18.25, 0.72637, 12, 12.78, -18.22, 0.00916, 11, 23.15, -18.36, 0.23528, 2, 17.63, 24.76, 0.00187, 5, 14, -17.35, -13.34, 0.00299, 13, -2.96, -13.15, 0.46839, 12, 7.81, -13.19, 0.07434, 11, 18.25, -13.28, 0.42088, 2, 12.67, 19.74, 0.0334, 4, 13, -7.97, -13, 0.13754, 12, 2.8, -13.11, 0.09044, 11, 13.24, -13.14, 0.60083, 2, 12.65, 14.73, 0.17119, 4, 13, -15.04, -19.8, 0.00364, 12, -4.17, -20.01, 0.05389, 11, 6.18, -19.95, 0.40228, 2, 19.63, 7.84, 0.54019, 2, 12, -30.36, -19.68, 1.8E-4, 2, 19.63, -18.35, 0.99982, 2, 12, -30.19, -12.69, 7.0E-5, 2, 12.64, -18.27, 0.99993, 2, 11, -28.45, -0.89, 0.02188, 2, 1.41, -27.25, 0.97812, 2, 11, -27.78, 26.75, 0.23962, 2, -26.24, -27.25, 0.76038, 2, 11, -20.61, 23.48, 0.28952, 2, -23.14, -19.99, 0.71048, 2, 11, -20.83, 31.72, 0.33386, 2, -31.37, -20.41, 0.66614, 2, 11, -18.65, 31.66, 0.33432, 2, -31.37, -18.23, 0.66568, 2, 11, -10.34, 24.73, 0.41032, 2, -24.64, -9.76, 0.58968, 3, 12, -18.5, 23.21, 1.9E-4, 11, -7.63, 23.44, 0.47447, 2, -23.41, -7.02, 0.52534, 6, 14, -24.49, 14.83, 0.09777, 13, -9.82, 15.09, 0.00791, 12, 0.56, 14.95, 0.31719, 11, 11.33, 14.95, 0.53784, 2, -15.39, 12.14, 0.00928, 28, -32.43, 14.67, 0.03002, 6, 14, -21.26, 14.84, 0.19314, 13, -6.59, 15.07, 0.03124, 12, 3.79, 14.97, 0.41167, 11, 14.56, 14.93, 0.29458, 2, -15.45, 15.37, 2.7E-4, 28, -29.2, 14.69, 0.0691, 6, 14, -5.65, 25.53, 0.48903, 13, 9.13, 25.6, 0.00703, 12, 19.36, 25.72, 0.11206, 11, 30.26, 25.5, 7.0E-4, 28, -13.62, 25.44, 0.38562, 29, -21.72, 22.74, 0.00556, 4, 14, 3.26, 28.38, 0.42837, 12, 28.27, 28.61, 0.05835, 28, -4.72, 28.32, 0.48852, 29, -13.3, 26.82, 0.02476, 4, 14, 7.24, 28.38, 0.40441, 12, 32.24, 28.62, 0.04866, 28, -0.75, 28.33, 0.51254, 29, -9.37, 27.39, 0.03439, 4, 14, 10.78, 26.56, 0.38336, 12, 35.79, 26.81, 0.04265, 28, 2.8, 26.53, 0.52841, 29, -5.6, 26.09, 0.04558, 4, 14, 15.9, 13.7, 0.13248, 12, 40.96, 13.98, 0.01227, 28, 7.97, 13.69, 0.52129, 29, 1.3, 14.09, 0.33396, 4, 14, 23.16, 10.11, 0.00336, 12, 48.23, 10.41, 8.6E-4, 28, 15.24, 10.12, 0.18893, 29, 8.99, 11.56, 0.80685, 2, 28, 20.07, 4.95, 0.03437, 29, 14.49, 7.11, 0.96563 ],
					"hull": 29,
					"edges": [ 0, 56, 0, 2, 2, 4, 4, 6, 6, 8, 8, 10, 10, 12, 12, 14, 14, 16, 16, 18, 18, 20, 20, 22, 22, 24, 24, 26, 26, 28, 28, 30, 30, 32, 32, 34, 34, 36, 36, 38, 38, 40, 40, 42, 42, 44, 44, 46, 46, 48, 48, 50, 50, 52, 52, 54, 54, 56 ],
					"width": 51,
					"height": 92
				}
			}
		}
	},
	{
		"name": "no_mask",
		"bones": [ "mask_on_hip" ],
		"attachments": {
			"mask_on_hip": {
				"mask_on_hip": { "name": "mask", "x": 22.79, "y": 3.57, "rotation": 89.93, "width": 51, "height": 49 }
			}
		}
	},
	{
		"name": "with_mask",
		"bones": [ "mask" ],
		"attachments": {
			"mask": {
				"mask2": { "name": "mask", "x": -17.72, "y": 1.44, "rotation": -82.75, "width": 51, "height": 49 }
			}
		}
	}
],
"animations": {
	"animation": {
		"bones": {
			"neck": {
				"rotate": [
					{ "value": -9 }
				]
			},
			"head": {
				"rotate": [
					{ "value": 9 }
				],
				"translate": [
					{ "x": -0.04, "y": 0.74 }
				]
			},
			"right_arm_target": {
				"translate": [
					{ "x": 21.52, "y": 1.86 },
					{ "time": 0.1667, "x": 27.13, "y": 16.18 },
					{
						"time": 0.3333,
						"x": 27.75,
						"y": 44.83,
						"curve": [ 0.675, 18.33, 0.556, 86.71, 0.444, 49.62, 0.556, 58.66 ]
					},
					{
						"time": 0.6667,
						"x": 92.48,
						"y": 59.19,
						"curve": [ 0.722, 95.36, 0.778, 95.36, 0.722, 59.45, 0.778, 59.45 ]
					},
					{
						"time": 0.8333,
						"x": 95.36,
						"y": 59.45,
						"curve": [ 0.889, 95.36, 0.944, 42.15, 0.889, 59.45, 0.944, 51.58 ]
					},
					{ "time": 1, "x": 42.15, "y": 51.58 }
				]
			}
		}
	},
	"wag_tail": {
		"bones": {
			"tail2": {
				"rotate": [
					{},
					{ "time": 0.3333, "value": 24.07 },
					{ "time": 0.4333, "value": 24 },
					{ "time": 0.6667 },
					{ "time": 1, "value": -24, "curve": "stepped" },
					{ "time": 1.1, "value": -24 },
					{ "time": 1.3333 }
				]
			},
			"tail3": {
				"rotate": [
					{},
					{ "time": 0.3333, "value": 16, "curve": "stepped" },
					{ "time": 0.4, "value": 16 },
					{ "time": 0.6667 },
					{ "time": 1, "value": -16, "curve": "stepped" },
					{ "time": 1.0667, "value": -16 },
					{ "time": 1.3333 }
				]
			},
			"tail4": {
				"rotate": [
					{},
					{ "time": 0.3333, "value": 16, "curve": "stepped" },
					{ "time": 0.3667, "value": 16 },
					{ "time": 0.6667 },
					{ "time": 1, "value": -16, "curve": "stepped" },
					{ "time": 1.0333, "value": -16 },
					{ "time": 1.3333 }
				]
			},
			"tail5": {
				"rotate": [
					{},
					{ "time": 0.3333, "value": 14 },
					{ "time": 0.6667 },
					{ "time": 1, "value": -14 },
					{ "time": 1.3333, "value": -0.47 }
				]
			},
			"right_leg_target": {
				"rotate": [
					{ "value": -42.88 }
				]
			},
			"spine_1": {
				"rotate": [
					{ "value": 7.61 }
				]
			},
			"spine": {
				"rotate": [
					{ "value": 0.25 }
				]
			},
			"head": {
				"rotate": [
					{ "value": 1.28 }
				]
			}
		}
	}
}
}